ATOM_ID,ATOM,RES_TYPE,CHAIN_ID,RES_NUM,X,Y,Z,OCCUP,TEMP,ELEMENT
9413,C1,EHD,E,766,94.600,86.900,42.290,1.00,0.00,C
9414,C2,EHD,E,766,93.370,86.270,42.180,1.00,0.00,C
9415,C3,EHD,E,766,92.130,87.050,42.130,1.00,0.00,C
9416,C4,EHD,E,766,92.190,88.470,42.270,1.00,0.00,C
9417,C5,EHD,E,766,93.410,89.150,42.410,1.00,0.00,C
9418,C6,EHD,E,766,94.600,88.350,42.420,1.00,0.00,C
9419,C7,EHD,E,766,95.830,88.990,42.700,1.00,0.00,C
9420,C8,EHD,E,766,95.790,90.330,42.780,1.00,0.00,C
9421,C9,EHD,E,766,94.630,91.060,42.780,1.00,0.00,C
9422,N10,EHD,E,766,93.400,90.490,42.610,1.00,0.00,N
9423,C11,EHD,E,766,96.840,91.290,42.840,1.00,0.00,C
9424,N12,EHD,E,766,96.290,92.530,42.930,1.00,0.00,N
9425,C13,EHD,E,766,94.950,92.400,42.760,1.00,0.00,C
9426,C14,EHD,E,766,96.940,93.780,42.890,1.00,0.00,C
9427,C15,EHD,E,766,96.020,94.940,42.780,1.00,0.00,C
9428,C16,EHD,E,766,94.670,94.900,42.730,1.00,0.00,C
9429,C17,EHD,E,766,93.980,93.560,42.730,1.00,0.00,C
9430,O18,EHD,E,766,98.130,93.790,42.920,1.00,0.00,O
9431,C19,EHD,E,766,96.680,96.350,42.710,1.00,0.00,C
9432,C20,EHD,E,766,94.630,97.250,41.830,1.00,0.00,C
9433,C21,EHD,E,766,93.860,96.120,42.530,1.00,0.00,C
9434,O22,EHD,E,766,95.960,97.130,41.780,1.00,0.00,O
9435,O23,EHD,E,766,94.030,98.080,41.110,1.00,0.00,O
9436,O24,EHD,E,766,92.660,95.810,41.790,1.00,0.00,O
9437,C25,EHD,E,766,93.420,96.720,43.840,1.00,0.00,C
9438,C31,EHD,E,766,92.380,95.950,44.680,1.00,0.00,C
9440,H1,EHD,E,766,93.250,85.210,42.010,1.00,0.00,H
9441,H2,EHD,E,766,91.190,86.540,41.980,1.00,0.00,H
9442,H3,EHD,E,766,91.260,89.020,42.390,1.00,0.00,H
9443,H4,EHD,E,766,96.790,88.500,42.670,1.00,0.00,H
9444,H5,EHD,E,766,97.920,91.210,42.900,1.00,0.00,H
9445,H6,EHD,E,766,93.410,93.470,43.660,1.00,0.00,H
9446,H7,EHD,E,766,93.300,93.410,41.890,1.00,0.00,H
9447,H8,EHD,E,766,96.640,96.860,43.670,1.00,0.00,H
9448,H9,EHD,E,766,97.730,96.340,42.420,1.00,0.00,H
9449,H10,EHD,E,766,92.030,96.540,41.690,1.00,0.00,H
9450,H11,EHD,E,766,92.880,97.640,43.590,1.00,0.00,H
9451,H12,EHD,E,766,94.320,97.060,44.350,1.00,0.00,H
9452,H13,EHD,E,766,92.960,95.200,45.220,1.00,0.00,H
9453,H14,EHD,E,766,91.570,95.520,44.100,1.00,0.00,H
9454,H15,EHD,E,766,91.900,96.690,45.330,1.00,0.00,H
